Business_Name,Address,web_page,other_info
Balloons Boutique,"10828 Gulfdale St
San Antonio, TX 78216
USA",,
Reagan Anusionwa,"615 Stratford Road
Baldwin NY 11510",,
CONCH TRAIN ROUNDHOUSE,"1802 Staples Ave
Key West FL 33040",,
Happy Feet,"10802 Washington Boulevard, Culver City, CA 90232",,
FAITH AUTO REPAIR,"990 N. BUS 45
Corsicana
TX
75110",,
,"Jamestown Pointe Apartments, 155 Ridge Rd, Greenville, SC 29607",https://www.jamestownpointe.com/,
,"Blue Cliff College - Houma, 803 Barrow St, Houma, LA 70360",https://www.bluecliffcollege.edu/about/contact/,
,"wings n more, 1200 w howard lane austin tx 78753",https://wingsnmore-austin.com/,
,"popeyes, 314 w pleasantview ave, hackensack nj 07601",,
,"scarlet health bioreference, 481 edward h ross dr, elmwood park Nj 07407",https://www.scarlethealth.com,
,"falatko,larry, 327 clover st, mertztown, pa 19539",,
