business_name,business_address,contact_numbers,search_resources
Balloons Boutique SA,"10828 Gulfdale St Suite B, San Antonio, TX 78216, USA","210-617-7200, 210-347-2236","([balloonsboutiquesa.shop](https://balloonsboutiquesa.shop/pages/contact-us?utm_source=openai), [balloonsboutiquesa.com](https://balloonsboutiquesa.com/contact?utm_source=openai))"
Reagan Anusionwu Properties LLC,"615 Stratford Road, Baldwin, NY 11510",,([bizprofile.net](https://www.bizprofile.net/ny/baldwin?utm_source=openai))
Conch Tour Train Roundhouse,"1802 Staples Ave, Key West, FL 33040",+1 (305) 292-8979,([mapquest.com](https://www.mapquest.com/us/florida/conch-tour-train-roundhouse-275402781?utm_source=openai))
Happy Feet Spa,"10802 Washington Blvd, Culver City, CA 90232",310-839-9626,([happyfeetspa.net](https://happyfeetspa.net/?utm_source=openai))
Faith Auto Service,"990 N 7th St, Corsicana, TX 75110",(903) 874-5351,([loc8nearme.com](https://www.loc8nearme.com/texas/corsicana/faith-auto-services/4665596/?utm_source=openai))
Jamestown Pointe Apartments,"155 Ridge Road, Greenville, SC 29607",(864) 581-3292,https://www.jamestownpointe.com/
Blue Cliff College - Houma,"803 Barrow Street, Houma, LA 70360","(985) 601-4000, (844) 515-6870",([bluecliffcollege.edu](https://www.bluecliffcollege.edu/about/contact/?utm_source=openai))
Wings 'N More,"1200 W Howard Ln, Austin, TX 78753",(512) 989-6673,([wingsnmore-austin.com](https://wingsnmore-austin.com/?utm_source=openai))
Popeyes Louisiana Kitchen,"341 Essex St, Hackensack, NJ 07601",(201) 203-6686,([mylocalservices.com](https://www.mylocalservices.com/Popeyes%2BLouisiana%2BKitchen-Hackensack-New%2BJersey-23227853.html?utm_source=openai))
"BioReference Laboratories, Inc.","481 Edward H Ross Dr, Elmwood Park, NJ 07407","(201) 791-2600, (201) 791-3600","([mapquest.com](https://www.mapquest.com/us/new-jersey/po-shing-lee-md-bio-reference-laboratories-inc-373290624?utm_source=openai), [healthprovidersdata.com](https://healthprovidersdata.com/hipaa/codes/CLIA_31D0652945.aspx?utm_source=openai), [wadsworth.org](https://www.wadsworth.org/node/501396/printable/print?utm_source=openai))"
"Falatko, Larry","327 Clover St, Mertztown, PA 19539","(610) 682-6239, (610) 682-6573","411.info, information.com"
